year,size_class,crowns,d_ndvi,d_ndvi_lo,d_ndvi_hi,d_ndmi,d_ndmi_lo,d_ndmi_hi,d_ndre,d_ndre_lo,d_ndre_hi
2018,1: under 20 cm,1,-0.035,-0.035,-0.035,-0.025,-0.025,-0.025,-0.024,-0.024,-0.024
2018,2: 20 to 49 cm,10,-0.074,-0.099,-0.052,-0.066,-0.12,-0.052,-0.059,-0.088,-0.027
2018,3: 50 to 79 cm,60,-0.075,-0.102,-0.056,-0.08,-0.1,-0.065,-0.056,-0.075,-0.045
2018,4: 80 cm and over,89,-0.061,-0.083,-0.047,-0.061,-0.074,-0.05,-0.036,-0.055,-0.025
2018,unknown,35,-0.071,-0.094,-0.052,-0.067,-0.128,-0.053,-0.069,-0.083,-0.039
2019,1: under 20 cm,1,-0.029,-0.029,-0.029,0.0,0.0,0.0,0.0,0.0,0.0
2019,2: 20 to 49 cm,10,0.0,-0.003,0.008,0.006,-0.012,0.038,0.0,-0.009,0.009
2019,3: 50 to 79 cm,60,0.0,0.0,0.0,0.0,0.0,0.002,0.0,-0.0,0.0
2019,4: 80 cm and over,89,0.0,0.0,0.003,0.001,0.0,0.004,0.0,0.0,0.0
2019,unknown,35,0.0,0.0,0.005,0.0,-0.0,0.006,-0.005,-0.02,0.0
2020,1: under 20 cm,1,-0.053,-0.053,-0.053,-0.009,-0.009,-0.009,-0.043,-0.043,-0.043
2020,2: 20 to 49 cm,10,-0.01,-0.048,0.0,0.0,-0.013,0.019,0.0,-0.014,0.002
2020,3: 50 to 79 cm,60,-0.005,-0.02,0.0,0.0,-0.011,0.0,-0.008,-0.017,0.0
2020,4: 80 cm and over,89,-0.003,-0.014,0.0,0.0,0.0,0.004,0.0,-0.008,0.002
2020,unknown,35,-0.021,-0.032,0.0,0.0,-0.007,0.011,0.0,-0.011,0.01
2021,1: under 20 cm,1,0.048,0.048,0.048,-0.055,-0.055,-0.055,0.006,0.006,0.006
2021,2: 20 to 49 cm,10,0.056,0.018,0.078,-0.002,-0.044,0.006,0.04,0.007,0.055
2021,3: 50 to 79 cm,60,0.055,0.05,0.071,0.0,-0.004,0.002,0.047,0.038,0.061
2021,4: 80 cm and over,89,0.057,0.05,0.064,0.0,-0.001,0.0,0.045,0.036,0.054
2021,unknown,35,0.048,0.033,0.065,0.0,-0.013,0.005,0.039,0.018,0.053
2022,1: under 20 cm,1,-0.026,-0.026,-0.026,-0.064,-0.064,-0.064,-0.049,-0.049,-0.049
2022,2: 20 to 49 cm,10,-0.037,-0.048,-0.026,-0.031,-0.063,-0.006,-0.024,-0.046,-0.011
2022,3: 50 to 79 cm,60,-0.019,-0.027,-0.009,-0.024,-0.032,-0.015,-0.009,-0.035,-0.004
2022,4: 80 cm and over,89,-0.019,-0.025,-0.015,-0.028,-0.036,-0.017,-0.011,-0.021,-0.002
2022,unknown,35,-0.022,-0.029,-0.013,-0.023,-0.049,-0.01,-0.023,-0.036,-0.003
2023,1: under 20 cm,1,0.009,0.009,0.009,0.022,0.022,0.022,0.008,0.008,0.008
2023,2: 20 to 49 cm,9,-0.019,-0.098,0.012,0.0,-0.017,0.009,-0.01,-0.045,0.029
2023,3: 50 to 79 cm,51,-0.012,-0.04,0.0,-0.013,-0.032,0.0,-0.005,-0.025,0.0
2023,4: 80 cm and over,74,-0.024,-0.033,-0.011,-0.02,-0.027,0.0,-0.01,-0.029,0.0
2023,unknown,30,-0.051,-0.091,-0.02,-0.005,-0.026,0.0,-0.028,-0.084,0.0
2024,1: under 20 cm,1,0.0,0.0,0.0,0.0,0.0,0.0,-0.012,-0.012,-0.012
2024,2: 20 to 49 cm,10,-0.01,-0.051,0.0,0.0,-0.015,0.018,-0.006,-0.043,0.004
2024,3: 50 to 79 cm,60,-0.003,-0.016,0.0,0.004,0.0,0.013,-0.001,-0.009,0.0
2024,4: 80 cm and over,89,-0.001,-0.004,0.0,0.0,0.0,0.002,-0.007,-0.013,0.0
2024,unknown,35,0.0,-0.004,0.006,0.012,0.001,0.016,0.0,-0.001,0.0
2025,1: under 20 cm,1,-0.006,-0.006,-0.006,-0.026,-0.026,-0.026,-0.016,-0.016,-0.016
2025,2: 20 to 49 cm,10,-0.034,-0.05,-0.006,-0.045,-0.067,-0.028,-0.047,-0.072,-0.012
2025,3: 50 to 79 cm,60,-0.001,-0.006,0.011,-0.019,-0.037,-0.008,-0.014,-0.03,-0.007
2025,4: 80 cm and over,89,-0.007,-0.014,0.001,-0.025,-0.036,-0.019,-0.017,-0.026,-0.01
2025,unknown,35,-0.013,-0.019,0.008,-0.042,-0.057,-0.025,-0.011,-0.025,-0.006
2026,1: under 20 cm,1,-0.033,-0.033,-0.033,0.0,0.0,0.0,-0.031,-0.031,-0.031
2026,2: 20 to 49 cm,10,-0.065,-0.091,-0.037,-0.072,-0.104,-0.053,-0.077,-0.1,-0.068
2026,3: 50 to 79 cm,60,-0.039,-0.049,-0.03,-0.057,-0.068,-0.049,-0.05,-0.067,-0.042
2026,4: 80 cm and over,89,-0.04,-0.059,-0.032,-0.055,-0.076,-0.046,-0.064,-0.07,-0.054
2026,unknown,35,-0.044,-0.077,-0.032,-0.067,-0.095,-0.047,-0.07,-0.084,-0.043
