subset,year,species,crowns,canopy_share,d_ndvi,d_ndvi_lo,d_ndvi_hi,d_ndmi,d_ndmi_lo,d_ndmi_hi,d_ndre,d_ndre_lo,d_ndre_hi
all,2018,beech,195,0.8,-0.069,-0.082,-0.057,-0.07,-0.08,-0.062,-0.052,-0.062,-0.038
all,2018,lime,414,0.68,-0.037,-0.045,-0.028,-0.048,-0.056,-0.037,-0.04,-0.048,-0.035
all,2018,oak,199,0.71,-0.069,-0.082,-0.055,-0.088,-0.1,-0.078,-0.068,-0.075,-0.053
all,2018,plane,898,0.73,-0.041,-0.049,-0.036,-0.053,-0.058,-0.05,-0.033,-0.037,-0.03
all,2018,sycamore,218,0.65,-0.052,-0.061,-0.04,-0.079,-0.093,-0.066,-0.055,-0.066,-0.04
all,2019,beech,195,0.8,0.0,0.0,0.0,0.0,0.0,0.002,0.0,0.0,0.0
all,2019,lime,414,0.68,0.008,0.005,0.01,0.03,0.026,0.034,0.004,0.002,0.007
all,2019,oak,199,0.71,0.005,0.001,0.011,0.007,0.001,0.012,0.003,0.0,0.005
all,2019,plane,900,0.73,0.0,0.0,0.0,-0.001,-0.003,0.0,0.0,-0.002,0.0
all,2019,sycamore,219,0.65,0.006,0.003,0.009,0.0,0.0,0.002,0.001,0.0,0.004
all,2020,beech,195,0.8,-0.006,-0.013,-0.001,0.0,0.0,0.0,0.0,-0.008,0.0
all,2020,lime,413,0.68,-0.03,-0.038,-0.023,-0.014,-0.019,-0.008,-0.014,-0.024,-0.011
all,2020,oak,198,0.71,-0.042,-0.05,-0.031,-0.01,-0.017,-0.0,-0.016,-0.022,-0.01
all,2020,plane,900,0.73,-0.041,-0.047,-0.038,-0.014,-0.018,-0.011,-0.025,-0.029,-0.022
all,2020,sycamore,219,0.65,-0.017,-0.022,-0.012,0.0,-0.003,0.0,-0.015,-0.018,-0.008
all,2021,beech,195,0.8,0.055,0.05,0.061,0.0,-0.001,0.0,0.045,0.039,0.05
all,2021,lime,414,0.68,0.045,0.04,0.049,0.0,0.0,0.0,0.023,0.018,0.027
all,2021,oak,199,0.71,0.051,0.044,0.057,0.0,-0.0,0.0,0.025,0.018,0.03
all,2021,plane,900,0.73,0.058,0.055,0.063,0.001,0.0,0.003,0.024,0.022,0.026
all,2021,sycamore,219,0.65,0.05,0.044,0.057,-0.001,-0.006,0.0,0.027,0.022,0.031
all,2022,beech,195,0.8,-0.021,-0.026,-0.016,-0.025,-0.031,-0.02,-0.014,-0.022,-0.008
all,2022,lime,414,0.68,0.008,0.003,0.01,-0.012,-0.019,-0.005,-0.01,-0.015,-0.002
all,2022,oak,199,0.71,-0.024,-0.028,-0.02,-0.057,-0.07,-0.045,-0.035,-0.041,-0.025
all,2022,plane,898,0.73,-0.005,-0.008,-0.003,-0.013,-0.017,-0.01,-0.02,-0.023,-0.017
all,2022,sycamore,219,0.65,-0.011,-0.016,-0.007,-0.041,-0.051,-0.027,-0.024,-0.033,-0.018
all,2023,beech,165,0.79,-0.025,-0.032,-0.013,-0.01,-0.021,-0.0,-0.01,-0.019,0.0
all,2023,lime,352,0.67,0.0,0.0,0.0,0.01,0.001,0.022,0.001,0.0,0.007
all,2023,oak,161,0.71,0.0,0.0,0.001,0.002,0.0,0.015,0.0,0.0,0.008
all,2023,plane,699,0.73,-0.002,-0.007,0.0,0.0,0.0,0.0,0.0,0.0,0.001
all,2023,sycamore,171,0.65,-0.002,-0.009,0.0,0.0,0.0,0.001,0.0,0.0,0.004
all,2024,beech,195,0.8,-0.0,-0.004,0.0,0.0,0.0,0.004,-0.001,-0.008,0.0
all,2024,lime,414,0.68,-0.028,-0.031,-0.024,-0.02,-0.024,-0.013,-0.025,-0.03,-0.02
all,2024,oak,199,0.71,-0.015,-0.02,-0.007,-0.001,-0.007,0.0,-0.014,-0.021,-0.008
all,2024,plane,900,0.73,0.0,0.0,0.0,0.008,0.005,0.01,0.0,0.0,0.0
all,2024,sycamore,219,0.65,-0.008,-0.013,-0.003,0.0,0.0,0.002,-0.01,-0.016,-0.006
all,2025,beech,195,0.8,-0.006,-0.011,-0.001,-0.028,-0.037,-0.022,-0.019,-0.023,-0.011
all,2025,lime,414,0.68,0.018,0.012,0.023,-0.005,-0.019,0.007,-0.02,-0.025,-0.014
all,2025,oak,199,0.71,-0.001,-0.006,0.005,-0.038,-0.054,-0.029,-0.031,-0.04,-0.025
all,2025,plane,900,0.73,0.022,0.02,0.024,-0.003,-0.005,0.001,-0.007,-0.011,-0.003
all,2025,sycamore,219,0.65,0.001,-0.006,0.009,-0.041,-0.05,-0.035,-0.03,-0.039,-0.025
all,2026,beech,195,0.8,-0.041,-0.05,-0.034,-0.059,-0.069,-0.051,-0.063,-0.069,-0.056
all,2026,lime,414,0.68,-0.005,-0.009,-0.0,-0.018,-0.024,-0.012,-0.034,-0.039,-0.029
all,2026,oak,199,0.71,-0.017,-0.023,-0.013,-0.042,-0.05,-0.034,-0.049,-0.054,-0.042
all,2026,plane,900,0.73,-0.003,-0.007,-0.0,-0.017,-0.02,-0.015,-0.027,-0.03,-0.025
all,2026,sycamore,219,0.65,-0.02,-0.027,-0.013,-0.049,-0.056,-0.041,-0.052,-0.058,-0.047
similar canopy share,2018,beech,81,0.78,-0.074,-0.087,-0.054,-0.072,-0.088,-0.061,-0.056,-0.075,-0.042
similar canopy share,2018,lime,143,0.75,-0.038,-0.047,-0.024,-0.044,-0.058,-0.029,-0.036,-0.048,-0.027
similar canopy share,2018,oak,74,0.77,-0.074,-0.091,-0.058,-0.086,-0.099,-0.069,-0.068,-0.076,-0.051
similar canopy share,2018,plane,380,0.77,-0.038,-0.048,-0.034,-0.055,-0.059,-0.049,-0.033,-0.038,-0.027
similar canopy share,2018,sycamore,60,0.76,-0.062,-0.079,-0.043,-0.095,-0.124,-0.063,-0.053,-0.091,-0.039
similar canopy share,2019,beech,81,0.78,0.0,0.0,0.006,0.0,0.0,0.001,0.0,-0.006,0.0
similar canopy share,2019,lime,143,0.75,0.009,0.006,0.012,0.03,0.022,0.034,0.005,0.002,0.008
similar canopy share,2019,oak,74,0.77,0.003,0.0,0.008,0.008,0.0,0.016,0.004,0.0,0.008
similar canopy share,2019,plane,380,0.77,0.0,0.0,0.0,0.0,-0.001,0.0,0.0,-0.002,0.0
similar canopy share,2019,sycamore,60,0.76,0.004,0.0,0.008,0.0,0.0,0.001,0.003,0.0,0.009
similar canopy share,2020,beech,81,0.78,-0.003,-0.013,0.0,0.0,-0.004,0.005,-0.0,-0.008,0.0
similar canopy share,2020,lime,142,0.75,-0.024,-0.036,-0.017,-0.018,-0.028,-0.006,-0.017,-0.027,-0.008
similar canopy share,2020,oak,74,0.77,-0.033,-0.046,-0.018,-0.005,-0.026,0.0,-0.005,-0.02,0.0
similar canopy share,2020,plane,380,0.77,-0.049,-0.054,-0.04,-0.019,-0.023,-0.013,-0.031,-0.037,-0.025
similar canopy share,2020,sycamore,60,0.76,-0.016,-0.033,-0.01,-0.002,-0.013,0.0,-0.015,-0.025,-0.005
similar canopy share,2021,beech,81,0.78,0.06,0.05,0.071,0.0,-0.004,0.0,0.047,0.035,0.058
similar canopy share,2021,lime,143,0.75,0.044,0.034,0.052,0.0,0.0,0.0,0.018,0.012,0.025
similar canopy share,2021,oak,74,0.77,0.05,0.04,0.064,0.0,-0.009,0.0,0.022,0.009,0.031
similar canopy share,2021,plane,380,0.77,0.057,0.052,0.063,0.0,0.0,0.003,0.024,0.021,0.03
similar canopy share,2021,sycamore,60,0.76,0.048,0.036,0.062,-0.0,-0.004,0.003,0.03,0.014,0.036
similar canopy share,2022,beech,81,0.78,-0.02,-0.023,-0.013,-0.03,-0.04,-0.02,-0.013,-0.029,-0.004
similar canopy share,2022,lime,143,0.75,0.006,0.0,0.011,-0.007,-0.019,0.009,-0.004,-0.014,0.003
similar canopy share,2022,oak,74,0.77,-0.022,-0.027,-0.017,-0.047,-0.07,-0.037,-0.026,-0.039,-0.012
similar canopy share,2022,plane,380,0.77,-0.006,-0.011,-0.003,-0.014,-0.02,-0.008,-0.02,-0.023,-0.015
similar canopy share,2022,sycamore,60,0.76,-0.023,-0.03,-0.009,-0.046,-0.07,-0.02,-0.022,-0.042,-0.013
similar canopy share,2023,beech,71,0.77,-0.03,-0.055,-0.018,-0.005,-0.025,0.0,-0.015,-0.038,0.0
similar canopy share,2023,lime,119,0.75,0.0,0.0,0.0,0.001,0.0,0.016,0.0,0.0,0.009
similar canopy share,2023,oak,61,0.76,0.0,0.0,0.004,0.001,0.0,0.017,0.002,0.0,0.016
similar canopy share,2023,plane,293,0.77,-0.006,-0.013,0.0,0.0,0.0,0.001,0.0,0.0,0.003
similar canopy share,2023,sycamore,44,0.76,0.0,-0.005,0.004,0.001,-0.001,0.016,0.0,0.0,0.011
similar canopy share,2024,beech,81,0.78,-0.004,-0.01,0.0,0.002,0.0,0.011,-0.003,-0.012,0.0
similar canopy share,2024,lime,143,0.75,-0.024,-0.028,-0.018,-0.016,-0.024,-0.009,-0.019,-0.027,-0.015
similar canopy share,2024,oak,74,0.77,-0.019,-0.03,-0.012,-0.002,-0.008,0.0,-0.019,-0.026,-0.008
similar canopy share,2024,plane,380,0.77,0.0,0.0,0.0,0.009,0.006,0.012,0.0,0.0,0.001
similar canopy share,2024,sycamore,60,0.76,-0.018,-0.028,-0.004,0.0,-0.001,0.006,-0.015,-0.031,-0.006
similar canopy share,2025,beech,81,0.78,-0.005,-0.01,0.001,-0.027,-0.037,-0.018,-0.016,-0.032,-0.004
similar canopy share,2025,lime,143,0.75,0.013,0.003,0.022,-0.014,-0.029,0.014,-0.017,-0.029,-0.011
similar canopy share,2025,oak,74,0.77,-0.001,-0.007,0.005,-0.032,-0.052,-0.017,-0.026,-0.039,-0.014
similar canopy share,2025,plane,380,0.77,0.022,0.018,0.025,-0.002,-0.006,0.003,-0.004,-0.008,-0.001
similar canopy share,2025,sycamore,60,0.76,-0.002,-0.011,0.006,-0.043,-0.061,-0.034,-0.025,-0.047,-0.018
similar canopy share,2026,beech,81,0.78,-0.033,-0.049,-0.029,-0.054,-0.074,-0.048,-0.056,-0.067,-0.045
similar canopy share,2026,lime,143,0.75,-0.006,-0.015,-0.0,-0.012,-0.03,-0.0,-0.03,-0.039,-0.02
similar canopy share,2026,oak,74,0.77,-0.017,-0.027,-0.01,-0.035,-0.057,-0.022,-0.052,-0.057,-0.039
similar canopy share,2026,plane,380,0.77,-0.005,-0.009,-0.0,-0.016,-0.021,-0.012,-0.028,-0.031,-0.025
similar canopy share,2026,sycamore,60,0.76,-0.03,-0.05,-0.019,-0.064,-0.078,-0.046,-0.051,-0.074,-0.04
